Workbook

Sheet Tổng hợp
A1: No. | B1: HS+No. | C1: Khối | D1: GPA gần nhất | E1: Ngành nghề quan tâm | F1: Top 1 | G1: Top 2 | H1: Top 3 | I1: Đánh giá sơ bộ
A2: 1 | B2: HS12-001 | C2: 12 | D2: ='Môn học'!Z2 -> 6.32 | E2: Em muốn thử tìm hiểu nhóm kỹ thuật; sở thích vẽ cũng có thể mở sang thiết kế sản phẩm. | F2: Sư phạm & Giáo dục - 38.58% | G2: Khoa học Xã hội & Nhân văn - 37.85% | H2: Truyền thông, Báo chí & MKT - 36.41% | I2: Học tập: Năm học gần nhất đã có dữ liệu: lớp 11 (GPA 8.35). Môn có điểm cao: Tin học 9.2, Tiếng Anh 9.0. Điểm thấp hơn tương đối: Ngữ văn 7.7. Định hướng: Em muốn thử tìm hiểu nhóm kỹ thuật; sở thích vẽ cũng có thể mở sang thiết kế sản phẩm. Tính cách: Em có xu hướng sáng tạo, thích phát triển ý tưởng và thể hiện bản thân qua hình ảnh hoặc nội dung. Em quan tâm đến cảm xúc của người khác, biết lắng nghe và sẵn sàng hỗ trợ khi làm việc nhóm. Em khá chủ động trong trao đổi, có khả năng khởi xướng ý tưởng và thuyết phục người khác. Mã tham khảo: ASE. Đây là mô tả tham khảo từ kết quả trắc nghiệm RIASEC của website AXIS, không phải kết luận tâm lý. Nhận xét: Top 3 do career_matching.py hiện tại tính: Sư phạm & Giáo dục - 38.58%; Khoa học Xã hội & Nhân văn - 37.85%; Truyền thông, Báo chí & MKT - 36.41%.
A3: 2 | B3: HS12-002 | C3: 12 | D3: ='Môn học'!Z3 -> 7.5 | E3: Em coi trọng công việc có phối hợp; hiện chưa khoanh vùng nhóm ngành. | F3: Quản lý Nhà nước & Công tác Xã hội - 41.63% | G3: Sư phạm & Giáo dục - 40.83% | H3: Khoa học Xã hội & Nhân văn - 39.02% | I3: Học tập: Năm học gần nhất đã có dữ liệu: lớp 11 (GPA 8.18). Môn có điểm cao: Giáo dục kinh tế và pháp luật 9.1, Hóa học 9.0. Điểm thấp hơn tương đối: Lịch sử 7.1. Định hướng: Em coi trọng công việc có phối hợp; hiện chưa khoanh vùng nhóm ngành. Tính cách: Chưa có dữ liệu tính cách/RIASEC. Nhận xét: Top 3 do career_matching.py hiện tại tính: Quản lý Nhà nước & Công tác Xã hội - 41.63%; Sư phạm & Giáo dục - 40.83%; Khoa học Xã hội & Nhân văn - 39.02%.
A4: 3 | B4: HS12-003 | C4: 12 | D4: ='Môn học'!Z4 -> 6.67 | E4: Chưa xác định hướng; muốn có thêm trải nghiệm trước khi chọn. | F4: Khoa học Xã hội & Nhân văn - 39.94% | G4: Sư phạm & Giáo dục - 39.82% | H4: Quản lý Nhà nước & Công tác Xã hội - 38.45% | I4: Học tập: Năm học gần nhất đã có dữ liệu: lớp 11 (GPA 8.03). Môn có điểm cao: Tiếng Anh 8.9, Vật lý 8.6. Điểm thấp hơn tương đối: Giáo dục kinh tế và pháp luật 7.4. Định hướng: Chưa xác định hướng; muốn có thêm trải nghiệm trước khi chọn. Tính cách: Em có xu hướng sáng tạo, thích phát triển ý tưởng và thể hiện bản thân qua hình ảnh hoặc nội dung. Em quan tâm đến cảm xúc của người khác, biết lắng nghe và sẵn sàng hỗ trợ khi làm việc nhóm. Em khá chủ động trong trao đổi, có khả năng khởi xướng ý tưởng và thuyết phục người khác. Mã tham khảo: ASE. Đây là mô tả tham khảo từ kết quả trắc nghiệm RIASEC của website AXIS, không phải kết luận tâm lý. Nhận xét: Top 3 do career_matching.py hiện tại tính: Khoa học Xã hội & Nhân văn - 39.94%; Sư phạm & Giáo dục - 39.82%; Quản lý Nhà nước & Công tác Xã hội - 38.45%.
A5: 4 | B5: HS12-004 | C5: 12 | D5: ='Môn học'!Z5 -> 7.87 | E5: Em đang khám phá các hướng xã hội; trải nghiệm Violympic Tin là một mảng riêng từng thử, chưa đồng nghĩa đã chọn CNTT. | F5: Khoa học Xã hội & Nhân văn - 45.71% | G5: Sư phạm & Giáo dục - 44.76% | H5: Truyền thông, Báo chí & MKT - 44.67% | I5: Học tập: Năm học gần nhất đã có dữ liệu: lớp 11 (GPA 8.00). Môn có điểm cao: Toán 8.9, Lịch sử 8.6. Điểm thấp hơn tương đối: Giáo dục kinh tế và pháp luật 7.1. Định hướng: Em đang khám phá các hướng xã hội; trải nghiệm Violympic Tin là một mảng riêng từng thử, chưa đồng nghĩa đã chọn CNTT. Tính cách: Em quan tâm đến cảm xúc của người khác, biết lắng nghe và sẵn sàng hỗ trợ khi làm việc nhóm. Em tò mò, thích tìm hiểu nguyên nhân và phân tích cách mọi thứ vận hành. Em có xu hướng sáng tạo, thích phát triển ý tưởng và thể hiện bản thân qua hình ảnh hoặc nội dung. Mã tham khảo: SIA. Đây là mô tả tham khảo từ kết quả trắc nghiệm RIASEC của website AXIS, không phải kết luận tâm lý. Nhận xét: Top 3 do career_matching.py hiện tại tính: Khoa học Xã hội & Nhân văn - 45.71%; Sư phạm & Giáo dục - 44.76%; Truyền thông, Báo chí & MKT - 44.67%.
A6: 5 | B6: HS12-005 | C6: 12 | D6: ='Môn học'!Z6 -> 7.07 | E6: Em đang mở rộng tìm hiểu các ngành khoa học ứng dụng và kinh doanh, chưa chốt lựa chọn. | F6: Quản lý Nhà nước & Công tác Xã hội - 41.16% | G6: Khoa học Xã hội & Nhân văn - 40.63% | H6: Sư phạm & Giáo dục - 40.10% | I6: Học tập: Năm học gần nhất đã có dữ liệu: lớp 11 (GPA 8.39). Môn có điểm cao: Tin học 9.5, Toán 9.5. Điểm thấp hơn tương đối: Giáo dục kinh tế và pháp luật 7.2. Định hướng: Em đang mở rộng tìm hiểu các ngành khoa học ứng dụng và kinh doanh, chưa chốt lựa chọn. Tính cách: Em quan tâm đến cảm xúc của người khác, biết lắng nghe và sẵn sàng hỗ trợ khi làm việc nhóm. Em có xu hướng sáng tạo, thích phát triển ý tưởng và thể hiện bản thân qua hình ảnh hoặc nội dung. Em tò mò, thích tìm hiểu nguyên nhân và phân tích cách mọi thứ vận hành. Mã tham khảo: SAI. Đây là mô tả tham khảo từ kết quả trắc nghiệm RIASEC của website AXIS, không phải kết luận tâm lý. Nhận xét: Top 3 do career_matching.py hiện tại tính: Quản lý Nhà nước & Công tác Xã hội - 41.16%; Khoa học Xã hội & Nhân văn - 40.63%; Sư phạm & Giáo dục - 40.10%.
A7: 6 | B7: HS12-006 | C7: 12 | D7: ='Môn học'!Z7 -> 7.08 | E7: Em nghiêng về thiết kế hoặc truyền thông, đồng thời có thể tận dụng năng lực tiếng Anh. | F7: Ngôn ngữ, Văn hóa & Ngoại ngữ - 61.80% | G7: Quan hệ Quốc tế & Ngoại giao - 61.47% | H7: Truyền thông, Báo chí & MKT - 57.32% | I7: Học tập: Năm học gần nhất đã có dữ liệu: lớp 11 (GPA 8.53). Môn có điểm cao: Tin học 9.5, Lịch sử 9.2. Điểm thấp hơn tương đối: Tiếng Anh 7.2. Định hướng: Em nghiêng về thiết kế hoặc truyền thông, đồng thời có thể tận dụng năng lực tiếng Anh. Tính cách: Em quan tâm đến cảm xúc của người khác, biết lắng nghe và sẵn sàng hỗ trợ khi làm việc nhóm. Em có xu hướng sáng tạo, thích phát triển ý tưởng và thể hiện bản thân qua hình ảnh hoặc nội dung. Em tò mò, thích tìm hiểu nguyên nhân và phân tích cách mọi thứ vận hành. Mã tham khảo: SAI. Đây là mô tả tham khảo từ kết quả trắc nghiệm RIASEC của website AXIS, không phải kết luận tâm lý. Nhận xét: Top 3 do career_matching.py hiện tại tính: Ngôn ngữ, Văn hóa & Ngoại ngữ - 61.80%; Quan hệ Quốc tế & Ngoại giao - 61.47%; Truyền thông, Báo chí & MKT - 57.32%.
A8: 7 | B8: HS12-007 | C8: 12 | D8: ='Môn học'!Z8 -> 7.07 | E8: Em đang tìm hiểu các ngành xã hội, luật hoặc phân tích; chưa chọn một hướng cụ thể. | F8: Quan hệ Quốc tế & Ngoại giao - 63.59% | G8: Ngôn ngữ, Văn hóa & Ngoại ngữ - 63.30% | H8: Tài chính - Ngân hàng - Bảo hiểm - 61.32% | I8: Học tập: Năm học gần nhất đã có dữ liệu: lớp 11 (GPA 8.20). Môn có điểm cao: Tin học 9.3, Ngữ văn 9.0. Điểm thấp hơn tương đối: Vật lý 7.1. Định hướng: Em đang tìm hiểu các ngành xã hội, luật hoặc phân tích; chưa chọn một hướng cụ thể. Tính cách: Em tò mò, thích tìm hiểu nguyên nhân và phân tích cách mọi thứ vận hành. Em thích sắp xếp công việc rõ ràng, chú ý chi tiết và làm theo kế hoạch. Em khá tự tin khi xử lý việc thực tế, thích bắt tay làm và thử nghiệm với công cụ. Mã tham khảo: ICR. Đây là mô tả tham khảo từ kết quả trắc nghiệm RIASEC của website AXIS, không phải kết luận tâm lý. Nhận xét: Top 3 do career_matching.py hiện tại tính: Quan hệ Quốc tế & Ngoại giao - 63.59%; Ngôn ngữ, Văn hóa & Ngoại ngữ - 63.30%; Tài chính - Ngân hàng - Bảo hiểm - 61.32%.
A9: 8 | B9: HS12-008 | C9: 12 | D9: ='Môn học'!Z9 -> 6.42 | E9: Em quan tâm kinh tế nhưng vẫn cân nhắc giữa kinh doanh, dữ liệu và truyền thông. | F9: Truyền thông, Báo chí & MKT - 51.82% | G9: Ngôn ngữ, Văn hóa & Ngoại ngữ - 51.01% | H9: Quan hệ Quốc tế & Ngoại giao - 50.40% | I9: Học tập: Năm học gần nhất đã có dữ liệu: lớp 11 (GPA 8.07). Môn có điểm cao: Lịch sử 9.5, Tin học 8.3. Điểm thấp hơn tương đối: Hóa học 7.1. Định hướng: Em quan tâm kinh tế nhưng vẫn cân nhắc giữa kinh doanh, dữ liệu và truyền thông. Tính cách: Em có xu hướng sáng tạo, thích phát triển ý tưởng và thể hiện bản thân qua hình ảnh hoặc nội dung. Em quan tâm đến cảm xúc của người khác, biết lắng nghe và sẵn sàng hỗ trợ khi làm việc nhóm. Em khá chủ động trong trao đổi, có khả năng khởi xướng ý tưởng và thuyết phục người khác. Mã tham khảo: ASE. Đây là mô tả tham khảo từ kết quả trắc nghiệm RIASEC của website AXIS, không phải kết luận tâm lý. Nhận xét: Top 3 do career_matching.py hiện tại tính: Truyền thông, Báo chí & MKT - 51.82%; Ngôn ngữ, Văn hóa & Ngoại ngữ - 51.01%; Quan hệ Quốc tế & Ngoại giao - 50.40%.
A10: 9 | B10: HS12-009 | C10: 12 | D10: ='Môn học'!Z10 -> 7.28 | E10: Em cân nhắc kinh doanh, tài chính hoặc logistics; thành tích Toán là một dữ kiện tham khảo, không phải lý do duy nhất. | F10: Kinh doanh & Quản lý - 53.93% | G10: Tài chính - Ngân hàng - Bảo hiểm - 53.87% | H10: Logistics & Chuỗi cung ứng - 53.87% | I10: Học tập: Năm học gần nhất đã có dữ liệu: lớp 11 (GPA 8.45). Môn có điểm cao: Tiếng Anh 9.4, Toán 9.3. Điểm thấp hơn tương đối: Ngữ văn 7.5. Định hướng: Em cân nhắc kinh doanh, tài chính hoặc logistics; thành tích Toán là một dữ kiện tham khảo, không phải lý do duy nhất. Tính cách: Em khá chủ động trong trao đổi, có khả năng khởi xướng ý tưởng và thuyết phục người khác. Em thích sắp xếp công việc rõ ràng, chú ý chi tiết và làm theo kế hoạch. Em quan tâm đến cảm xúc của người khác, biết lắng nghe và sẵn sàng hỗ trợ khi làm việc nhóm. Mã tham khảo: ECS. Đây là mô tả tham khảo từ kết quả trắc nghiệm RIASEC của website AXIS, không phải kết luận tâm lý. Nhận xét: Top 3 do career_matching.py hiện tại tính: Kinh doanh & Quản lý - 53.93%; Tài chính - Ngân hàng - Bảo hiểm - 53.87%; Logistics & Chuỗi cung ứng - 53.87%.
A11: 10 | B11: HS12-010 | C11: 12 | D11: ='Môn học'!Z11 -> 6.48 | E11: Chưa chốt ngành; có thể khám phá thể thao, giáo dục hoặc công việc với con người. | F11: Khoa học Xã hội & Nhân văn - 37.75% | G11: Sư phạm & Giáo dục - 37.41% | H11: Truyền thông, Báo chí & MKT - 34.91% | I11: Học tập: Năm học gần nhất đã có dữ liệu: lớp 11 (GPA 8.51). Môn có điểm cao: Toán 9.2, Ngữ văn 8.9. Điểm thấp hơn tương đối: Giáo dục kinh tế và pháp luật 7.6. Định hướng: Chưa chốt ngành; có thể khám phá thể thao, giáo dục hoặc công việc với con người. Tính cách: Em quan tâm đến cảm xúc của người khác, biết lắng nghe và sẵn sàng hỗ trợ khi làm việc nhóm. Em tò mò, thích tìm hiểu nguyên nhân và phân tích cách mọi thứ vận hành. Em có xu hướng sáng tạo, thích phát triển ý tưởng và thể hiện bản thân qua hình ảnh hoặc nội dung. Mã tham khảo: SIA. Đây là mô tả tham khảo từ kết quả trắc nghiệm RIASEC của website AXIS, không phải kết luận tâm lý. Nhận xét: Top 3 do career_matching.py hiện tại tính: Khoa học Xã hội & Nhân văn - 37.75%; Sư phạm & Giáo dục - 37.41%; Truyền thông, Báo chí & MKT - 34.91%.
A12: 11 | B12: HS12-011 | C12: 12 | D12: ='Môn học'!Z12 -> 8.05 | E12: Em đang cân nhắc thiết kế và truyền thông; sở thích viết là một phần của quá trình khám phá. | F12: Khoa học Xã hội & Nhân văn - 42.39% | G12: Sư phạm & Giáo dục - 40.26% | H12: Truyền thông, Báo chí & MKT - 37.56% | I12: Học tập: Năm học gần nhất đã có dữ liệu: lớp 11 (GPA 7.95). Môn có điểm cao: Hóa học 8.4, Lịch sử 8.4. Điểm thấp hơn tương đối: Vật lý 7.1. Định hướng: Em đang cân nhắc thiết kế và truyền thông; sở thích viết là một phần của quá trình khám phá. Tính cách: Em quan tâm đến cảm xúc của người khác, biết lắng nghe và sẵn sàng hỗ trợ khi làm việc nhóm. Em có xu hướng sáng tạo, thích phát triển ý tưởng và thể hiện bản thân qua hình ảnh hoặc nội dung. Em tò mò, thích tìm hiểu nguyên nhân và phân tích cách mọi thứ vận hành. Mã tham khảo: SAI. Đây là mô tả tham khảo từ kết quả trắc nghiệm RIASEC của website AXIS, không phải kết luận tâm lý. Nhận xét: Top 3 do career_matching.py hiện tại tính: Khoa học Xã hội & Nhân văn - 42.39%; Sư phạm & Giáo dục - 40.26%; Truyền thông, Báo chí & MKT - 37.56%.
A13: 12 | B13: HS12-012 | C13: 12 | D13: ='Môn học'!Z13 -> 6.93 | E13: Chưa xác định nghề; có thể tìm hiểu công việc sáng tạo bên cạnh sở thích vẽ. | F13: Kinh doanh & Quản lý - 38.54% | G13: Tài chính - Ngân hàng - Bảo hiểm - 38.54% | H13: Logistics & Chuỗi cung ứng - 38.54% | I13: Học tập: Năm học gần nhất đã có dữ liệu: lớp 11 (GPA 7.94). Môn có điểm cao: Toán 9.1, Tiếng Anh 8.4. Điểm thấp hơn tương đối: Lịch sử 7.1. Định hướng: Chưa xác định nghề; có thể tìm hiểu công việc sáng tạo bên cạnh sở thích vẽ. Tính cách: Chưa có dữ liệu tính cách/RIASEC. Nhận xét: Top 3 do career_matching.py hiện tại tính: Kinh doanh & Quản lý - 38.54%; Tài chính - Ngân hàng - Bảo hiểm - 38.54%; Logistics & Chuỗi cung ứng - 38.54%.
A14: 13 | B14: HS11-001 | C14: 11 | D14: ='Môn học'!O14 -> 7.07 | E14: Em thích tìm hiểu các lĩnh vực làm việc với công chúng; có thể khám phá luật hoặc công tác xã hội. | F14: Quản lý Nhà nước & Công tác Xã hội - 48.83% | G14: Luật & An ninh - Quốc phòng - 43.80% | H14: Truyền thông, Báo chí & MKT - 40.93% | I14: Học tập: Năm học gần nhất đã có dữ liệu: lớp 10 (GPA 8.14). Môn có điểm cao: Tin học 9.0, Sinh học 8.6. Điểm thấp hơn tương đối: Địa lý 7.3. Định hướng: Em thích tìm hiểu các lĩnh vực làm việc với công chúng; có thể khám phá luật hoặc công tác xã hội. Tính cách: Em khá chủ động trong trao đổi, có khả năng khởi xướng ý tưởng và thuyết phục người khác. Em thích sắp xếp công việc rõ ràng, chú ý chi tiết và làm theo kế hoạch. Em quan tâm đến cảm xúc của người khác, biết lắng nghe và sẵn sàng hỗ trợ khi làm việc nhóm. Mã tham khảo: ECS. Đây là mô tả tham khảo từ kết quả trắc nghiệm RIASEC của website AXIS, không phải kết luận tâm lý. Nhận xét: Top 3 do career_matching.py hiện tại tính: Quản lý Nhà nước & Công tác Xã hội - 48.83%; Luật & An ninh - Quốc phòng - 43.80%; Truyền thông, Báo chí & MKT - 40.93%.
A15: 14 | B15: HS11-002 | C15: 11 | D15: ='Môn học'!O15 -> 7.32 | E15: Em đang tìm hiểu truyền thông và thiết kế, dù quan tâm kinh doanh có thể mở thêm hướng khác. | F15: Truyền thông, Báo chí & MKT - 54.15% | G15: Ngôn ngữ, Văn hóa & Ngoại ngữ - 52.25% | H15: Quan hệ Quốc tế & Ngoại giao - 51.83% | I15: Học tập: Năm học gần nhất đã có dữ liệu: lớp 10 (GPA 8.34). Môn có điểm cao: Ngữ văn 9.0, Toán 9.0. Điểm thấp hơn tương đối: Địa lý 7.6. Định hướng: Em đang tìm hiểu truyền thông và thiết kế, dù quan tâm kinh doanh có thể mở thêm hướng khác. Tính cách: Em quan tâm đến cảm xúc của người khác, biết lắng nghe và sẵn sàng hỗ trợ khi làm việc nhóm. Em có xu hướng sáng tạo, thích phát triển ý tưởng và thể hiện bản thân qua hình ảnh hoặc nội dung. Em tò mò, thích tìm hiểu nguyên nhân và phân tích cách mọi thứ vận hành. Mã tham khảo: SAI. Đây là mô tả tham khảo từ kết quả trắc nghiệm RIASEC của website AXIS, không phải kết luận tâm lý. Nhận xét: Top 3 do career_matching.py hiện tại tính: Truyền thông, Báo chí & MKT - 54.15%; Ngôn ngữ, Văn hóa & Ngoại ngữ - 52.25%; Quan hệ Quốc tế & Ngoại giao - 51.83%.
A16: 15 | B16: HS11-003 | C16: 11 | D16: ='Môn học'!O16 -> 7.75 | E16: Em quan tâm môi trường và tự học vài việc nhỏ trên máy tính; ngành học vẫn còn để ngỏ. | F16: Kinh doanh & Quản lý - 42.31% | G16: Tài chính - Ngân hàng - Bảo hiểm - 39.62% | H16: Logistics & Chuỗi cung ứng - 39.62% | I16: Học tập: Năm học gần nhất đã có dữ liệu: lớp 10 (GPA 8.11). Môn có điểm cao: Tin học 8.8, Địa lý 8.7. Điểm thấp hơn tương đối: Sinh học 7.3. Định hướng: Em quan tâm môi trường và tự học vài việc nhỏ trên máy tính; ngành học vẫn còn để ngỏ. Tính cách: Em có xu hướng sáng tạo, thích phát triển ý tưởng và thể hiện bản thân qua hình ảnh hoặc nội dung. Em quan tâm đến cảm xúc của người khác, biết lắng nghe và sẵn sàng hỗ trợ khi làm việc nhóm. Em khá chủ động trong trao đổi, có khả năng khởi xướng ý tưởng và thuyết phục người khác. Mã tham khảo: ASE. Đây là mô tả tham khảo từ kết quả trắc nghiệm RIASEC của website AXIS, không phải kết luận tâm lý. Nhận xét: Top 3 do career_matching.py hiện tại tính: Kinh doanh & Quản lý - 42.31%; Tài chính - Ngân hàng - Bảo hiểm - 39.62%; Logistics & Chuỗi cung ứng - 39.62%.
A17: 16 | B17: HS11-004 | C17: 11 | D17: ='Môn học'!O17 -> 6.9 | E17: Chưa có kế hoạch nghề rõ; trước mắt có thể so sánh một vài nhóm ngành. | F17: Khoa học Xã hội & Nhân văn - 39.03% | G17: Sư phạm & Giáo dục - 37.28% | H17: Hóa học & Công nghệ Vật liệu - 37.05% | I17: Học tập: Năm học gần nhất đã có dữ liệu: lớp 10 (GPA 8.22). Môn có điểm cao: Lịch sử 9.3, Tin học 8.6. Điểm thấp hơn tương đối: Tiếng Anh 7.3. Định hướng: Chưa có kế hoạch nghề rõ; trước mắt có thể so sánh một vài nhóm ngành. Tính cách: Chưa có dữ liệu tính cách/RIASEC. Nhận xét: Top 3 do career_matching.py hiện tại tính: Khoa học Xã hội & Nhân văn - 39.03%; Sư phạm & Giáo dục - 37.28%; Hóa học & Công nghệ Vật liệu - 37.05%.
A18: 17 | B18: HS11-005 | C18: 11 | D18: ='Môn học'!O18 -> 6.68 | E18: Chưa xác định; nên tiếp tục khám phá môn học và hoạt động trước khi chọn. | F18: Y dược & Khoa học Sức khỏe - 35.76% | G18: Môi trường & Tài nguyên - 35.76% | H18: Nông - Lâm - Thủy sản - 35.76% | I18: Học tập: Năm học gần nhất đã có dữ liệu: lớp 10 (GPA 8.28). Môn có điểm cao: Tin học 9.3, Tiếng Anh 9.2. Điểm thấp hơn tương đối: Địa lý 7.4. Định hướng: Chưa xác định; nên tiếp tục khám phá môn học và hoạt động trước khi chọn. Tính cách: Chưa có dữ liệu tính cách/RIASEC. Nhận xét: Top 3 do career_matching.py hiện tại tính: Y dược & Khoa học Sức khỏe - 35.76%; Môi trường & Tài nguyên - 35.76%; Nông - Lâm - Thủy sản - 35.76%.
A19: 18 | B19: HS11-006 | C19: 11 | D19: ='Môn học'!O19 -> 7.58 | E19: Em thích Sinh học; có thể tìm hiểu thêm khoa học sức khỏe hoặc giáo dục. | F19: Hàng không & Hàng hải - 53.06% | G19: Kinh doanh & Quản lý - 52.05% | H19: Truyền thông, Báo chí & MKT - 52.03% | I19: Học tập: Năm học gần nhất đã có dữ liệu: lớp 10 (GPA 8.15). Môn có điểm cao: Địa lý 9.1, Hóa học 8.9. Điểm thấp hơn tương đối: Tin học 7.3. Định hướng: Em thích Sinh học; có thể tìm hiểu thêm khoa học sức khỏe hoặc giáo dục. Tính cách: Em khá chủ động trong trao đổi, có khả năng khởi xướng ý tưởng và thuyết phục người khác. Em thích sắp xếp công việc rõ ràng, chú ý chi tiết và làm theo kế hoạch. Em quan tâm đến cảm xúc của người khác, biết lắng nghe và sẵn sàng hỗ trợ khi làm việc nhóm. Mã tham khảo: ECS. Đây là mô tả tham khảo từ kết quả trắc nghiệm RIASEC của website AXIS, không phải kết luận tâm lý. Nhận xét: Top 3 do career_matching.py hiện tại tính: Hàng không & Hàng hải - 53.06%; Kinh doanh & Quản lý - 52.05%; Truyền thông, Báo chí & MKT - 52.03%.
A20: 19 | B20: HS11-007 | C20: 11 | D20: ='Môn học'!O20 -> 7.07 | E20: Em quan tâm máy tính và game chiến thuật; công nghệ là một hướng để tìm hiểu, chưa phải lựa chọn chắc chắn. | F20: Sư phạm & Giáo dục - 40.05% | G20: Khoa học Xã hội & Nhân văn - 38.79% | H20: Truyền thông, Báo chí & MKT - 37.48% | I20: Học tập: Năm học gần nhất đã có dữ liệu: lớp 10 (GPA 8.21). Môn có điểm cao: Tin học 8.9, Lịch sử 8.7. Điểm thấp hơn tương đối: Tiếng Anh 7.5. Định hướng: Em quan tâm máy tính và game chiến thuật; công nghệ là một hướng để tìm hiểu, chưa phải lựa chọn chắc chắn. Tính cách: Em quan tâm đến cảm xúc của người khác, biết lắng nghe và sẵn sàng hỗ trợ khi làm việc nhóm. Em tò mò, thích tìm hiểu nguyên nhân và phân tích cách mọi thứ vận hành. Em có xu hướng sáng tạo, thích phát triển ý tưởng và thể hiện bản thân qua hình ảnh hoặc nội dung. Mã tham khảo: SIA. Đây là mô tả tham khảo từ kết quả trắc nghiệm RIASEC của website AXIS, không phải kết luận tâm lý. Nhận xét: Top 3 do career_matching.py hiện tại tính: Sư phạm & Giáo dục - 40.05%; Khoa học Xã hội & Nhân văn - 38.79%; Truyền thông, Báo chí & MKT - 37.48%.
A21: 20 | B21: HS11-008 | C21: 11 | D21: ='Môn học'!O21 -> 7 | E21: Em thích câu đố logic và kiên trì tìm lời giải; có thể khám phá khoa học hoặc dữ liệu. | F21: Khoa học Xã hội & Nhân văn - 38.42% | G21: Sư phạm & Giáo dục - 34.82% | H21: Y dược & Khoa học Sức khỏe - 34.35% | I21: Học tập: Năm học gần nhất đã có dữ liệu: lớp 10 (GPA 8.18). Môn có điểm cao: Ngữ văn 9.1, Toán 8.8. Điểm thấp hơn tương đối: Lịch sử 7.3. Định hướng: Em thích câu đố logic và kiên trì tìm lời giải; có thể khám phá khoa học hoặc dữ liệu. Tính cách: Chưa có dữ liệu tính cách/RIASEC. Nhận xét: Top 3 do career_matching.py hiện tại tính: Khoa học Xã hội & Nhân văn - 38.42%; Sư phạm & Giáo dục - 34.82%; Y dược & Khoa học Sức khỏe - 34.35%.
A22: 21 | B22: HS11-009 | C22: 11 | D22: ='Môn học'!O22 -> 7.55 | E22: Em quan tâm công việc với con người; kết quả học tập hiện cho thấy thế mạnh phân hóa giữa các môn. | F22: Sư phạm & Giáo dục - 41.49% | G22: Khoa học Xã hội & Nhân văn - 40.14% | H22: Truyền thông, Báo chí & MKT - 39.89% | I22: Học tập: Năm học gần nhất đã có dữ liệu: lớp 10 (GPA 7.81). Môn có điểm cao: Tiếng Anh 8.6, Toán 8.6. Điểm thấp hơn tương đối: Lịch sử 7.2. Định hướng: Em quan tâm công việc với con người; kết quả học tập hiện cho thấy thế mạnh phân hóa giữa các môn. Tính cách: Em khá chủ động trong trao đổi, có khả năng khởi xướng ý tưởng và thuyết phục người khác. Em thích sắp xếp công việc rõ ràng, chú ý chi tiết và làm theo kế hoạch. Em quan tâm đến cảm xúc của người khác, biết lắng nghe và sẵn sàng hỗ trợ khi làm việc nhóm. Mã tham khảo: ECS. Đây là mô tả tham khảo từ kết quả trắc nghiệm RIASEC của website AXIS, không phải kết luận tâm lý. Nhận xét: Top 3 do career_matching.py hiện tại tính: Sư phạm & Giáo dục - 41.49%; Khoa học Xã hội & Nhân văn - 40.14%; Truyền thông, Báo chí & MKT - 39.89%.
A23: 22 | B23: HS11-010 | C23: 11 | D23: ='Môn học'!O23 -> 8.12 | E23: Em thích máy tính và trò chơi chiến thuật; có thể tìm hiểu công nghệ hoặc kinh doanh số. | F23: Truyền thông, Báo chí & MKT - 61.23% | G23: Kinh doanh & Quản lý - 59.43% | H23: Tài chính - Ngân hàng - Bảo hiểm - 59.43% | I23: Học tập: Năm học gần nhất đã có dữ liệu: lớp 10 (GPA 8.11). Môn có điểm cao: Lịch sử 9.3, Sinh học 8.9. Điểm thấp hơn tương đối: Toán 7.1. Định hướng: Em thích máy tính và trò chơi chiến thuật; có thể tìm hiểu công nghệ hoặc kinh doanh số. Tính cách: Chưa có dữ liệu tính cách/RIASEC. Nhận xét: Top 3 do career_matching.py hiện tại tính: Truyền thông, Báo chí & MKT - 61.23%; Kinh doanh & Quản lý - 59.43%; Tài chính - Ngân hàng - Bảo hiểm - 59.43%.
A24: 23 | B24: HS10-001 | C24: 10 | D24: ='Môn học'!O24 -> 6.42 | E24: Em thích Sinh học; có thể khám phá ngành sức khỏe hoặc khoa học sự sống. | F24: Sư phạm & Giáo dục - 34.44% | G24: Khoa học Xã hội & Nhân văn - 33.64% | H24: Truyền thông, Báo chí & MKT - 33.10% | I24: Học tập: Điểm tạm tính trong năm học lớp 10: 8.14; chưa phải GPA cả năm. Môn có điểm cao: Sinh học 9.2, Tiếng Anh 8.2. Điểm thấp hơn tương đối: Lịch sử 7.7. Định hướng: Em thích Sinh học; có thể khám phá ngành sức khỏe hoặc khoa học sự sống. Tính cách: Chưa có dữ liệu tính cách/RIASEC. Nhận xét: Top 3 do career_matching.py hiện tại tính: Sư phạm & Giáo dục - 34.44%; Khoa học Xã hội & Nhân văn - 33.64%; Truyền thông, Báo chí & MKT - 33.10%.
A25: 24 | B25: HS10-002 | C25: 10 | D25: ='Môn học'!O25 -> 7.03 | E25: Em hay vẽ lúc rảnh; có thể tìm hiểu thiết kế, minh họa hoặc truyền thông hình ảnh. | F25: Khoa học Xã hội & Nhân văn - 38.55% | G25: Sư phạm & Giáo dục - 37.11% | H25: Kỹ thuật & Tự động hóa - 36.02% | I25: Học tập: Điểm tạm tính trong năm học lớp 10: 8.24; chưa phải GPA cả năm. Môn có điểm cao: Ngữ văn 8.9, Địa lý 8.6. Điểm thấp hơn tương đối: Vật lý 7.6. Định hướng: Em hay vẽ lúc rảnh; có thể tìm hiểu thiết kế, minh họa hoặc truyền thông hình ảnh. Tính cách: Em quan tâm đến cảm xúc của người khác, biết lắng nghe và sẵn sàng hỗ trợ khi làm việc nhóm. Em có xu hướng sáng tạo, thích phát triển ý tưởng và thể hiện bản thân qua hình ảnh hoặc nội dung. Em tò mò, thích tìm hiểu nguyên nhân và phân tích cách mọi thứ vận hành. Mã tham khảo: SAI. Đây là mô tả tham khảo từ kết quả trắc nghiệm RIASEC của website AXIS, không phải kết luận tâm lý. Nhận xét: Top 3 do career_matching.py hiện tại tính: Khoa học Xã hội & Nhân văn - 38.55%; Sư phạm & Giáo dục - 37.11%; Kỹ thuật & Tự động hóa - 36.02%.
... A31: 30 | B31: HS10-008 | C31: 10 | D31: ='Môn học'!O31 -> 7.17 | E31: Em còn muốn tìm hiểu thêm; có thể thử các lĩnh vực sáng tạo, kinh doanh hoặc công nghệ. | F31: Kinh doanh & Quản lý - 39.69% | G31: Tài chính - Ngân hàng - Bảo hiểm - 39.54% | H31: Logistics & Chuỗi cung ứng - 39.54% | I31: Học tập: Điểm tạm tính trong năm học lớp 10: 8.31; chưa phải GPA cả năm. Môn có điểm cao: Tiếng Anh 9.0, Toán 8.8. Điểm thấp hơn tương đối: Sinh học 7.7. Định hướng: Em còn muốn tìm hiểu thêm; có thể thử các lĩnh vực sáng tạo, kinh doanh hoặc công nghệ. Tính cách: Em có xu hướng sáng tạo, thích phát triển ý tưởng và thể hiện bản thân qua hình ảnh hoặc nội dung. Em quan tâm đến cảm xúc của người khác, biết lắng nghe và sẵn sàng hỗ trợ khi làm việc nhóm. Em khá chủ động trong trao đổi, có khả năng khởi xướng ý tưởng và thuyết phục người khác. Mã tham khảo: ASE. Đây là mô tả tham khảo từ kết quả trắc nghiệm RIASEC của website AXIS, không phải kết luận tâm lý. Nhận xét: Top 3 do career_matching.py hiện tại tính: Kinh doanh & Quản lý - 39.69%; Tài chính - Ngân hàng - Bảo hiểm - 39.54%; Logistics & Chuỗi cung ứng - 39.54%.

Sheet Môn học
A1: No. | B1: HS+No. | C1: Khối | D1: Tổ hợp môn tự chọn | E1: Lớp 10 - Toán | F1: Lớp 10 - Ngữ văn | G1: Lớp 10 - Tiếng Anh | H1: Lớp 10 - Lịch sử | I1: Lớp 10 - Vật lý | J1: Lớp 10 - Hóa học | K1: Lớp 10 - Sinh học | L1: Lớp 10 - Địa lý | M1: Lớp 10 - Giáo dục kinh tế và pháp luật | N1: Lớp 10 - Tin học | O1: GPA lớp 10 | P1: Lớp 11 - Toán | Q1: Lớp 11 - Ngữ văn | R1: Lớp 11 - Tiếng Anh | S1: Lớp 11 - Lịch sử | T1: Lớp 11 - Vật lý | U1: Lớp 11 - Hóa học | V1: Lớp 11 - Sinh học | W1: Lớp 11 - Địa lý | X1: Lớp 11 - Giáo dục kinh tế và pháp luật | Y1: Lớp 11 - Tin học | Z1: GPA lớp 11
A2: 1 | B2: HS12-001 | C2: 12 | D2: Vật lý; Hóa học; Tin học; Giáo dục kinh tế và pháp luật | E2: 6.8 | F2: 9.4 | G2: 6.2 | H2: 5.7 | I2: — | J2: 7.5 | K2: 5.5 | L2: — | M2: — | N2: — | O2: =ROUND(AVERAGE(E2:N2),2) -> 6.85 | P2: 4.3 | Q2: 8.1 | R2: 8.1 | S2: 7 | T2: — | U2: 6 | V2: 4.4 | W2: — | X2: — | Y2: — | Z2: =ROUND(AVERAGE(P2:Y2),2) -> 6.32
A3: 2 | B3: HS12-002 | C3: 12 | D3: Vật lý; Hóa học; Tin học; Giáo dục kinh tế và pháp luật | E3: 6.1 | F3: 7.2 | G3: 7.9 | H3: 5.9 | I3: — | J3: — | K3: — | L3: 5.9 | M3: 7.6 | N3: — | O3: =ROUND(AVERAGE(E3:N3),2) -> 6.77 | P3: 8.8 | Q3: 8.5 | R3: 8.6 | S3: 7.2 | T3: — | U3: — | V3: — | W3: 5.1 | X3: 6.8 | Y3: — | Z3: =ROUND(AVERAGE(P3:Y3),2) -> 7.5
A4: 3 | B4: HS12-003 | C4: 12 | D4: Vật lý; Hóa học; Tin học; Giáo dục kinh tế và pháp luật | E4: 5 | F4: 8.6 | G4: 6.4 | H4: 7.6 | I4: — | J4: — | K4: — | L4: 6.5 | M4: 6.2 | N4: — | O4: =ROUND(AVERAGE(E4:N4),2) -> 6.72 | P4: 6 | Q4: 6.5 | R4: 7.1 | S4: 6.5 | T4: — | U4: — | V4: — | W4: 7 | X4: 6.9 | Y4: — | Z4: =ROUND(AVERAGE(P4:Y4),2) -> 6.67
A5: 4 | B5: HS12-004 | C5: 12 | D5: Vật lý; Hóa học; Tin học; Giáo dục kinh tế và pháp luật | E5: 8.2 | F5: 9.8 | G5: 7.3 | H5: 8.7 | I5: — | J5: 6.3 | K5: 7.3 | L5: — | M5: — | N5: — | O5: =ROUND(AVERAGE(E5:N5),2) -> 7.93 | P5: 9 | Q5: 9.2 | R5: 6.5 | S5: 8.4 | T5: — | U5: 6 | V5: 8.1 | W5: — | X5: — | Y5: — | Z5: =ROUND(AVERAGE(P5:Y5),2) -> 7.87
A6: 5 | B6: HS12-005 | C6: 12 | D6: Vật lý; Hóa học; Tin học; Giáo dục kinh tế và pháp luật | E6: 7.4 | F6: 6.7 | G6: 8.9 | H6: 6.4 | I6: — | J6: — | K6: — | L6: 9.3 | M6: 8.1 | N6: — | O6: =ROUND(AVERAGE(E6:N6),2) -> 7.8 | P6: 6.1 | Q6: 8.3 | R6: 6 | S6: 6.8 | T6: — | U6: — | V6: — | W6: 8.6 | X6: 6.6 | Y6: — | Z6: =ROUND(AVERAGE(P6:Y6),2) -> 7.07
A7: 6 | B7: HS12-006 | C7: 12 | D7: Vật lý; Hóa học; Tin học; Giáo dục kinh tế và pháp luật | E7: 6.2 | F7: 7.7 | G7: 5.9 | H7: 5.2 | I7: — | J7: — | K7: — | L7: 4.2 | M7: 6 | N7: — | O7: =ROUND(AVERAGE(E7:N7),2) -> 5.87 | P7: 7.9 | Q7: 8 | R7: 6.3 | S7: 8.7 | T7: — | U7: — | V7: — | W7: 7.2 | X7: 4.4 | Y7: — | Z7: =ROUND(AVERAGE(P7:Y7),2) -> 7.08
A8: 7 | B8: HS12-007 | C8: 12 | D8: Vật lý; Hóa học; Tin học; Giáo dục kinh tế và pháp luật | E8: 7.9 | F8: 9 | G8: 8.3 | H8: 8.9 | I8: — | J8: 6.6 | K8: 7.8 | L8: — | M8: — | N8: — | O8: =ROUND(AVERAGE(E8:N8),2) -> 8.08 | P8: 8.2 | Q8: 6.5 | R8: 8.2 | S8: 7.8 | T8: — | U8: 6.8 | V8: 4.9 | W8: — | X8: — | Y8: — | Z8: =ROUND(AVERAGE(P8:Y8),2) -> 7.07
A9: 8 | B9: HS12-008 | C9: 12 | D9: Vật lý; Hóa học; Tin học; Giáo dục kinh tế và pháp luật | E9: 6 | F9: 8.1 | G9: 4.6 | H9: 7.3 | I9: — | J9: 8.8 | K9: 5.9 | L9: — | M9: — | N9: — | O9: =ROUND(AVERAGE(E9:N9),2) -> 6.78 | P9: 5.1 | Q9: 7.5 | R9: 5.3 | S9: 7.3 | T9: — | U9: 7.8 | V9: 5.5 | W9: — | X9: — | Y9: — | Z9: =ROUND(AVERAGE(P9:Y9),2) -> 6.42
A10: 9 | B10: HS12-009 | C10: 12 | D10: Vật lý; Hóa học; Tin học; Giáo dục kinh tế và pháp luật | E10: 8.3 | F10: 5.6 | G10: 8.3 | H10: 6.4 | I10: — | J10: — | K10: — | L10: 4.6 | M10: 7.8 | N10: — | O10: =ROUND(AVERAGE(E10:N10),2) -> 6.83 | P10: 6.9 | Q10: 6.1 | R10: 6.7 | S10: 7.2 | T10: — | U10: — | V10: — | W10: 9 | X10: 7.8 | Y10: — | Z10: =ROUND(AVERAGE(P10:Y10),2) -> 7.28
A11: 10 | B11: HS12-010 | C11: 12 | D11: Vật lý; Hóa học; Tin học; Giáo dục kinh tế và pháp luật | E11: 6 | F11: 7.3 | G11: 6.6 | H11: 7.1 | I11: 6.9 | J11: 4.7 | K11: — | L11: — | M11: — | N11: — | O11: =ROUND(AVERAGE(E11:N11),2) -> 6.43 | P11: 6.8 | Q11: 7.9 | R11: 6.1 | S11: 6.7 | T11: 5.1 | U11: 6.3 | V11: — | W11: — | X11: — | Y11: — | Z11: =ROUND(AVERAGE(P11:Y11),2) -> 6.48
A12: 11 | B12: HS12-011 | C12: 12 | D12: Vật lý; Hóa học; Tin học; Giáo dục kinh tế và pháp luật | E12: 6 | F12: 8.2 | G12: 6.7 | H12: 8.1 | I12: 8 | J12: 6.2 | K12: — | L12: — | M12: — | N12: — | O12: =ROUND(AVERAGE(E12:N12),2) -> 7.2 | P12: 9.4 | Q12: 7.2 | R12: 8.3 | S12: 8.4 | T12: 6.4 | U12: 8.6 | V12: — | W12: — | X12: — | Y12: — | Z12: =ROUND(AVERAGE(P12:Y12),2) -> 8.05
A13: 12 | B13: HS12-012 | C13: 12 | D13: Vật lý; Hóa học; Tin học; Giáo dục kinh tế và pháp luật | E13: 8.8 | F13: 6 | G13: 7.3 | H13: 8.4 | I13: — | J13: — | K13: — | L13: 7.5 | M13: 7.8 | N13: — | O13: =ROUND(AVERAGE(E13:N13),2) -> 7.63 | P13: 7.2 | Q13: 7 | R13: 7.6 | S13: 6.8 | T13: — | U13: — | V13: — | W13: 4.9 | X13: 8.1 | Y13: — | Z13: =ROUND(AVERAGE(P13:Y13),2) -> 6.93
A14: 13 | B14: HS11-001 | C14: 11 | D14: Địa lý; Tin học; Hóa học; Sinh học | E14: 6.6 | F14: 8.1 | G14: 6.4 | H14: 5.4 | I14: — | J14: — | K14: — | L14: 7.6 | M14: 8.3 | N14: — | O14: =ROUND(AVERAGE(E14:N14),2) -> 7.07 | P14: 6.8 | Q14: 7.6 | R14: 7.7 | S14: 6 | T14: — | U14: — | V14: — | W14: 9.6 | X14: 8.9 | Y14: — | Z14: =ROUND(AVERAGE(P14:Y14),2) -> 7.77
A15: 14 | B15: HS11-002 | C15: 11 | D15: Địa lý; Tin học; Hóa học; Sinh học | E15: 6.4 | F15: 7.7 | G15: 5.6 | H15: 9.1 | I15: — | J15: — | K15: — | L15: 9.5 | M15: 5.6 | N15: — | O15: =ROUND(AVERAGE(E15:N15),2) -> 7.32 | P15: 5.9 | Q15: 8.5 | R15: 8.5 | S15: 9.5 | T15: — | U15: — | V15: — | W15: 9.3 | X15: 7.9 | Y15: — | Z15: =ROUND(AVERAGE(P15:Y15),2) -> 8.27
A16: 15 | B16: HS11-003 | C16: 11 | D16: Địa lý; Tin học; Hóa học; Sinh học | E16: 9.8 | F16: 6.2 | G16: 9.5 | H16: 7.1 | I16: — | J16: 7.5 | K16: 6.4 | L16: — | M16: — | N16: — | O16: =ROUND(AVERAGE(E16:N16),2) -> 7.75 | P16: 6.6 | Q16: 5.9 | R16: 6.3 | S16: 8.9 | T16: — | U16: 4.7 | V16: 5.2 | W16: — | X16: — | Y16: — | Z16: =ROUND(AVERAGE(P16:Y16),2) -> 6.27
A17: 16 | B17: HS11-004 | C17: 11 | D17: Địa lý; Tin học; Hóa học; Sinh học | E17: 7.5 | F17: 6.8 | G17: 6.6 | H17: 6.8 | I17: 7.6 | J17: 6.1 | K17: — | L17: — | M17: — | N17: — | O17: =ROUND(AVERAGE(E17:N17),2) -> 6.9 | P17: 6.7 | Q17: 6.6 | R17: 5.5 | S17: 7.5 | T17: 9 | U17: 9.8 | V17: — | W17: — | X17: — | Y17: — | Z17: =ROUND(AVERAGE(P17:Y17),2) -> 7.52
A18: 17 | B18: HS11-005 | C18: 11 | D18: Địa lý; Tin học; Hóa học; Sinh học | E18: 7.4 | F18: 5.7 | G18: 7.2 | H18: 5.7 | I18: — | J18: 8.2 | K18: 5.9 | L18: — | M18: — | N18: — | O18: =ROUND(AVERAGE(E18:N18),2) -> 6.68 | P18: 6.9 | Q18: 6.4 | R18: 7.2 | S18: 7.1 | T18: — | U18: 8.5 | V18: 7 | W18: — | X18: — | Y18: — | Z18: =ROUND(AVERAGE(P18:Y18),2) -> 7.18
A19: 18 | B19: HS11-006 | C19: 11 | D19: Địa lý; Tin học; Hóa học; Sinh học | E19: 6.4 | F19: 8.1 | G19: 6.7 | H19: 8.1 | I19: 7.2 | J19: 9 | K19: — | L19: — | M19: — | N19: — | O19: =ROUND(AVERAGE(E19:N19),2) -> 7.58 | P19: 8.2 | Q19: 7.6 | R19: 5.7 | S19: 5.3 | T19: 9.8 | U19: 9.8 | V19: — | W19: — | X19: — | Y19: — | Z19: =ROUND(AVERAGE(P19:Y19),2) -> 7.73
A20: 19 | B20: HS11-007 | C20: 11 | D20: Địa lý; Tin học; Hóa học; Sinh học | E20: 7.9 | F20: 8.1 | G20: 7.5 | H20: 7 | I20: — | J20: 5.9 | K20: 6 | L20: — | M20: — | N20: — | O20: =ROUND(AVERAGE(E20:N20),2) -> 7.07 | P20: 7.8 | Q20: 8.9 | R20: 7 | S20: 5.7 | T20: — | U20: 8.2 | V20: 5.7 | W20: — | X20: — | Y20: — | Z20: =ROUND(AVERAGE(P20:Y20),2) -> 7.22
A21: 20 | B21: HS11-008 | C21: 11 | D21: Địa lý; Tin học; Hóa học; Sinh học | E21: 6.9 | F21: 6.9 | G21: 6.7 | H21: 9.1 | I21: — | J21: 6.8 | K21: 5.6 | L21: — | M21: — | N21: — | O21: =ROUND(AVERAGE(E21:N21),2) -> 7 | P21: 7.5 | Q21: 8 | R21: 4.6 | S21: 6.7 | T21: — | U21: 7.3 | V21: 8 | W21: — | X21: — | Y21: — | Z21: =ROUND(AVERAGE(P21:Y21),2) -> 7.02
A22: 21 | B22: HS11-009 | C22: 11 | D22: Địa lý; Tin học; Hóa học; Sinh học | E22: 6.9 | F22: 9.1 | G22: 8.1 | H22: 8.4 | I22: — | J22: — | K22: — | L22: 7.3 | M22: 5.5 | N22: — | O22: =ROUND(AVERAGE(E22:N22),2) -> 7.55 | P22: 6.5 | Q22: 7.1 | R22: 9.5 | S22: 7.2 | T22: — | U22: — | V22: — | W22: 8.3 | X22: 7.9 | Y22: — | Z22: =ROUND(AVERAGE(P22:Y22),2) -> 7.75
A23: 22 | B23: HS11-010 | C23: 11 | D23: Địa lý; Tin học; Hóa học; Sinh học | E23: 9.5 | F23: 8.4 | G23: 9.5 | H23: 5.2 | I23: — | J23: 8 | K23: 8.1 | L23: — | M23: — | N23: — | O23: =ROUND(AVERAGE(E23:N23),2) -> 8.12 | P23: 8.5 | Q23: 9.1 | R23: 9.6 | S23: 5.5 | T23: — | U23: 7.6 | V23: 7.4 | W23: — | X23: — | Y23: — | Z23: =ROUND(AVERAGE(P23:Y23),2) -> 7.95
A24: 23 | B24: HS10-001 | C24: 10 | D24: Sinh học; Giáo dục kinh tế và pháp luật; Địa lý; Vật lý | E24: 5.1 | F24: 6.5 | G24: 7.4 | H24: 6.9 | I24: — | J24: 6 | K24: 6.6 | L24: — | M24: — | N24: — | O24: =ROUND(AVERAGE(E24:N24),2) -> 6.42 | P24: — | Q24: — | R24: — | S24: — | T24: — | U24: — | V24: — | W24: — | X24: — | Y24: — | Z24: —
A25: 24 | B25: HS10-002 | C25: 10 | D25: Sinh học; Giáo dục kinh tế và pháp luật; Địa lý; Vật lý | E25: 9.2 | F25: 8.3 | G25: 5.6 | H25: 6.5 | I25: 5.9 | J25: 6.7 | K25: — | L25: — | M25: — | N25: — | O25: =ROUND(AVERAGE(E25:N25),2) -> 7.03 | P25: — | Q25: — | R25: — | S25: — | T25: — | U25: — | V25: — | W25: — | X25: — | Y25: — | Z25: —
A26: 25 | B26: HS10-003 | C26: 10 | D26: Sinh học; Giáo dục kinh tế và pháp luật; Địa lý; Vật lý | E26: 6.2 | F26: 7.1 | G26: 9.2 | H26: 8.2 | I26: 7.3 | J26: 5.9 | K26: — | L26: — | M26: — | N26: — | O26: =ROUND(AVERAGE(E26:N26),2) -> 7.32 | P26: — | Q26: — | R26: — | S26: — | T26: — | U26: — | V26: — | W26: — | X26: — | Y26: — | Z26: —
A27: 26 | B27: HS10-004 | C27: 10 | D27: Sinh học; Giáo dục kinh tế và pháp luật; Địa lý; Vật lý | E27: 5.8 | F27: 8.7 | G27: 8.8 | H27: 6.4 | I27: — | J27: 8 | K27: 6.2 | L27: — | M27: — | N27: — | O27: =ROUND(AVERAGE(E27:N27),2) -> 7.32 | P27: — | Q27: — | R27: — | S27: — | T27: — | U27: — | V27: — | W27: — | X27: — | Y27: — | Z27: —
A28: 27 | B28: HS10-005 | C28: 10 | D28: Sinh học; Giáo dục kinh tế và pháp luật; Địa lý; Vật lý | E28: 8.6 | F28: 6.9 | G28: 5.4 | H28: 8.8 | I28: — | J28: — | K28: — | L28: 5.6 | M28: 8.9 | N28: — | O28: =ROUND(AVERAGE(E28:N28),2) -> 7.37 | P28: — | Q28: — | R28: — | S28: — | T28: — | U28: — | V28: — | W28: — | X28: — | Y28: — | Z28: —
A29: 28 | B29: HS10-006 | C29: 10 | D29: Sinh học; Giáo dục kinh tế và pháp luật; Địa lý; Vật lý | E29: 7.9 | F29: 5.9 | G29: 8.2 | H29: 7.5 | I29: — | J29: — | K29: — | L29: 7.5 | M29: 4.7 | N29: — | O29: =ROUND(AVERAGE(E29:N29),2) -> 6.95 | P29: — | Q29: — | R29: — | S29: — | T29: — | U29: — | V29: — | W29: — | X29: — | Y29: — | Z29: —
A30: 29 | B30: HS10-007 | C30: 10 | D30: Sinh học; Giáo dục kinh tế và pháp luật; Địa lý; Vật lý | E30: 4.9 | F30: 8.6 | G30: 7 | H30: 6.7 | I30: — | J30: — | K30: — | L30: 6.8 | M30: 7.4 | N30: — | O30: =ROUND(AVERAGE(E30:N30),2) -> 6.9 | P30: — | Q30: — | R30: — | S30: — | T30: — | U30: — | V30: — | W30: — | X30: — | Y30: — | Z30: —
A31: 30 | B31: HS10-008 | C31: 10 | D31: Sinh học; Giáo dục kinh tế và pháp luật; Địa lý; Vật lý | E31: 8.5 | F31: 6 | G31: 8.7 | H31: 7 | I31: — | J31: 6.4 | K31: 6.4 | L31: — | M31: — | N31: — | O31: =ROUND(AVERAGE(E31:N31),2) -> 7.17 | P31: — | Q31: — | R31: — | S31: — | T31: — | U31: — | V31: — | W31: — | X31: — | Y31: — | Z31: —

Sheet Hồ sơ
A1: No. | B1: HS+No. | C1: Khối | D1: Chứng chỉ ngoại ngữ | E1: Thành tích/Giải thưởng | F1: Điểm tính cách (RIASEC) | G1: Mã RIASEC | H1: Sở thích | I1: Môn học yêu thích | J1: Lĩnh vực quan tâm | K1: Định hướng nghề nghiệp | L1: Data Type
A2: 1 | B2: HS12-001 | C2: 12 | F2: Em có xu hướng sáng tạo, thích phát triển ý tưởng và thể hiện bản thân qua hình ảnh hoặc nội dung. Em quan tâm đến cảm xúc của người khác, biết lắng nghe và sẵn sàng hỗ trợ khi làm việc nhóm. Em khá chủ động trong trao đổi, có khả năng khởi xướng ý tưởng và thuyết phục người khác. Mã tham khảo: ASE. Đây là mô tả tham khảo từ kết quả trắc nghiệm RIASEC của website AXIS, không phải kết luận tâm lý. | G2: ASE | H2: Vẽ linh tinh lúc rảnh. | I2: Tin học | J2: Kỹ thuật; có thể mở rộng sang thiết kế sản phẩm. | K2: Em muốn thử tìm hiểu nhóm kỹ thuật; sở thích vẽ cũng có thể mở sang thiết kế sản phẩm. | L2: Synthetic
A3: 2 | B3: HS12-002 | C3: 12 | F3: Chưa có dữ liệu tính cách/RIASEC. | H3: Em thích làm việc nhóm, nhất là khi có việc cụ thể cần hoàn thành. | I3: Giáo dục kinh tế và pháp luật; Hóa học | J3: Chưa khoanh vùng; ưu tiên môi trường phối hợp. | K3: Em coi trọng công việc có phối hợp; hiện chưa khoanh vùng nhóm ngành. | L3: Synthetic
A4: 3 | B4: HS12-003 | C4: 12 | F4: Em có xu hướng sáng tạo, thích phát triển ý tưởng và thể hiện bản thân qua hình ảnh hoặc nội dung. Em quan tâm đến cảm xúc của người khác, biết lắng nghe và sẵn sàng hỗ trợ khi làm việc nhóm. Em khá chủ động trong trao đổi, có khả năng khởi xướng ý tưởng và thuyết phục người khác. Mã tham khảo: ASE. Đây là mô tả tham khảo từ kết quả trắc nghiệm RIASEC của website AXIS, không phải kết luận tâm lý. | G4: ASE | H4: Chưa có sở thích cụ thể. | I4: Chưa xác định | K4: Chưa xác định hướng; muốn có thêm trải nghiệm trước khi chọn. | L4: Synthetic
A5: 4 | B5: HS12-004 | C5: 12 | E5: Violympic — Tin học — Đạt giải / Có tham gia — Lớp 12 | F5: Em quan tâm đến cảm xúc của người khác, biết lắng nghe và sẵn sàng hỗ trợ khi làm việc nhóm. Em tò mò, thích tìm hiểu nguyên nhân và phân tích cách mọi thứ vận hành. Em có xu hướng sáng tạo, thích phát triển ý tưởng và thể hiện bản thân qua hình ảnh hoặc nội dung. Mã tham khảo: SIA. Đây là mô tả tham khảo từ kết quả trắc nghiệm RIASEC của website AXIS, không phải kết luận tâm lý. | G5: SIA | I5: Toán; Lịch sử | J5: Xã hội/giáo dục; có trải nghiệm riêng với Tin học. | K5: Em đang khám phá các hướng xã hội; trải nghiệm Violympic Tin là một mảng riêng từng thử, chưa đồng nghĩa đã chọn CNTT. | L5: Synthetic
A6: 5 | B6: HS12-005 | C6: 12 | E6: Toán Mỹ (AMC 8/10/12) — Toán — Giải khuyến khích — Lớp 12 | F6: Em quan tâm đến cảm xúc của người khác, biết lắng nghe và sẵn sàng hỗ trợ khi làm việc nhóm. Em có xu hướng sáng tạo, thích phát triển ý tưởng và thể hiện bản thân qua hình ảnh hoặc nội dung. Em tò mò, thích tìm hiểu nguyên nhân và phân tích cách mọi thứ vận hành. Mã tham khảo: SAI. Đây là mô tả tham khảo từ kết quả trắc nghiệm RIASEC của website AXIS, không phải kết luận tâm lý. | G6: SAI | H6: Thích nấu ăn cùng gia đình, chưa học bài bản. | I6: Tin học; Toán | J6: Khoa học ứng dụng hoặc kinh doanh. | K6: Em đang mở rộng tìm hiểu các ngành khoa học ứng dụng và kinh doanh, chưa chốt lựa chọn. | L6: Synthetic
A7: 6 | B7: HS12-006 | C7: 12 | D7: IELTS / Tiếng Anh / 6.5 / 2024-11-24 | F7: Em quan tâm đến cảm xúc của người khác, biết lắng nghe và sẵn sàng hỗ trợ khi làm việc nhóm. Em có xu hướng sáng tạo, thích phát triển ý tưởng và thể hiện bản thân qua hình ảnh hoặc nội dung. Em tò mò, thích tìm hiểu nguyên nhân và phân tích cách mọi thứ vận hành. Mã tham khảo: SAI. Đây là mô tả tham khảo từ kết quả trắc nghiệm RIASEC của website AXIS, không phải kết luận tâm lý. | G7: SAI | H7: Thích vẽ minh họa; hiện chỉ vẽ lúc rảnh. | I7: Ngữ văn | J7: Thiết kế, truyền thông và ngoại ngữ. | K7: Em nghiêng về thiết kế hoặc truyền thông, đồng thời có thể tận dụng năng lực tiếng Anh. | L7: Synthetic
A8: 7 | B8: HS12-007 | C8: 12 | D8: IELTS / Tiếng Anh / 6.5 / 2025-02-18 | E8: Olympic Bậc THPT — Toán — Giải khuyến khích — Lớp 10 | F8: Em tò mò, thích tìm hiểu nguyên nhân và phân tích cách mọi thứ vận hành. Em thích sắp xếp công việc rõ ràng, chú ý chi tiết và làm theo kế hoạch. Em khá tự tin khi xử lý việc thực tế, thích bắt tay làm và thử nghiệm với công cụ. Mã tham khảo: ICR. Đây là mô tả tham khảo từ kết quả trắc nghiệm RIASEC của website AXIS, không phải kết luận tâm lý. | G8: ICR | I8: Tin học; Ngữ văn | J8: Xã hội, luật hoặc phân tích. | K8: Em đang tìm hiểu các ngành xã hội, luật hoặc phân tích; chưa chọn một hướng cụ thể. | L8: Synthetic
A9: 8 | B9: HS12-008 | C9: 12 | D9: IELTS / Tiếng Anh / 6 / 2025-06-12 | F9: Em có xu hướng sáng tạo, thích phát triển ý tưởng và thể hiện bản thân qua hình ảnh hoặc nội dung. Em quan tâm đến cảm xúc của người khác, biết lắng nghe và sẵn sàng hỗ trợ khi làm việc nhóm. Em khá chủ động trong trao đổi, có khả năng khởi xướng ý tưởng và thuyết phục người khác. Mã tham khảo: ASE. Đây là mô tả tham khảo từ kết quả trắc nghiệm RIASEC của website AXIS, không phải kết luận tâm lý. | G9: ASE | H9: Đang tìm hiểu ngành kinh tế. | I9: Lịch sử | J9: Kinh doanh; đang cân nhắc lĩnh vực giao thoa. | K9: Em quan tâm kinh tế nhưng vẫn cân nhắc giữa kinh doanh, dữ liệu và truyền thông. | L9: Synthetic
A10: 9 | B10: HS12-009 | C10: 12 | D10: IELTS / Tiếng Anh / 5.5 / 2025-03-23 | E10: Olympic Bậc THPT — Toán — Giải khuyến khích — Lớp 11 | F10: Em khá chủ động trong trao đổi, có khả năng khởi xướng ý tưởng và thuyết phục người khác. Em thích sắp xếp công việc rõ ràng, chú ý chi tiết và làm theo kế hoạch. Em quan tâm đến cảm xúc của người khác, biết lắng nghe và sẵn sàng hỗ trợ khi làm việc nhóm. Mã tham khảo: ECS. Đây là mô tả tham khảo từ kết quả trắc nghiệm RIASEC của website AXIS, không phải kết luận tâm lý. | G10: ECS | I10: Tiếng Anh; Toán | J10: Kinh doanh, tài chính hoặc logistics. | K10: Em cân nhắc kinh doanh, tài chính hoặc logistics; thành tích Toán là một dữ kiện tham khảo, không phải lý do duy nhất. | L10: Synthetic
A11: 10 | B11: HS12-010 | C11: 12 | F11: Em quan tâm đến cảm xúc của người khác, biết lắng nghe và sẵn sàng hỗ trợ khi làm việc nhóm. Em tò mò, thích tìm hiểu nguyên nhân và phân tích cách mọi thứ vận hành. Em có xu hướng sáng tạo, thích phát triển ý tưởng và thể hiện bản thân qua hình ảnh hoặc nội dung. Mã tham khảo: SIA. Đây là mô tả tham khảo từ kết quả trắc nghiệm RIASEC của website AXIS, không phải kết luận tâm lý. | G11: SIA | H11: Cuối tuần em đá bóng với bạn. Chưa nghĩ xa về nghề nghiệp. | I11: Chưa xác định | J11: Thể thao, giáo dục hoặc dịch vụ con người. | K11: Chưa chốt ngành; có thể khám phá thể thao, giáo dục hoặc công việc với con người. | L11: Synthetic
A12: 11 | B12: HS12-011 | C12: 12 | F12: Em quan tâm đến cảm xúc của người khác, biết lắng nghe và sẵn sàng hỗ trợ khi làm việc nhóm. Em có xu hướng sáng tạo, thích phát triển ý tưởng và thể hiện bản thân qua hình ảnh hoặc nội dung. Em tò mò, thích tìm hiểu nguyên nhân và phân tích cách mọi thứ vận hành. Mã tham khảo: SAI. Đây là mô tả tham khảo từ kết quả trắc nghiệm RIASEC của website AXIS, không phải kết luận tâm lý. | G12: SAI | H12: Em thích viết và sửa câu chữ, nhưng vẫn đang thử xem mình hợp báo chí hay truyền thông hơn. | I12: Ngữ văn | J12: Thiết kế/truyền thông. | K12: Em đang cân nhắc thiết kế và truyền thông; sở thích viết là một phần của quá trình khám phá. | L12: Synthetic
A13: 12 | B13: HS12-012 | C13: 12 | F13: Chưa có dữ liệu tính cách/RIASEC. | H13: Vẽ linh tinh lúc rảnh. | I13: Toán | J13: Sáng tạo; chưa chốt hướng. | K13: Chưa xác định nghề; có thể tìm hiểu công việc sáng tạo bên cạnh sở thích vẽ. | L13: Synthetic
A14: 13 | B14: HS11-001 | C14: 11 | F14: Em khá chủ động trong trao đổi, có khả năng khởi xướng ý tưởng và thuyết phục người khác. Em thích sắp xếp công việc rõ ràng, chú ý chi tiết và làm theo kế hoạch. Em quan tâm đến cảm xúc của người khác, biết lắng nghe và sẵn sàng hỗ trợ khi làm việc nhóm. Mã tham khảo: ECS. Đây là mô tả tham khảo từ kết quả trắc nghiệm RIASEC của website AXIS, không phải kết luận tâm lý. | G14: ECS | H14: Chưa có sở thích nổi bật. | I14: Tin học | J14: Công tác xã hội, luật hoặc giao tiếp công chúng. | K14: Em thích tìm hiểu các lĩnh vực làm việc với công chúng; có thể khám phá luật hoặc công tác xã hội. | L14: Synthetic
A15: 14 | B15: HS11-002 | C15: 11 | D15: IELTS / Tiếng Anh / 5.5 / 2026-09-25 | F15: Em quan tâm đến cảm xúc của người khác, biết lắng nghe và sẵn sàng hỗ trợ khi làm việc nhóm. Em có xu hướng sáng tạo, thích phát triển ý tưởng và thể hiện bản thân qua hình ảnh hoặc nội dung. Em tò mò, thích tìm hiểu nguyên nhân và phân tích cách mọi thứ vận hành. Mã tham khảo: SAI. Đây là mô tả tham khảo từ kết quả trắc nghiệm RIASEC của website AXIS, không phải kết luận tâm lý. | G15: SAI | H15: Quan tâm đến kinh doanh, nhưng chưa chốt được lĩnh vực nào. | I15: Ngữ văn; Toán | J15: Truyền thông/thiết kế, song song tìm hiểu kinh doanh. | K15: Em đang tìm hiểu truyền thông và thiết kế, dù quan tâm kinh doanh có thể mở thêm hướng khác. | L15: Synthetic
A16: 15 | B16: HS11-003 | C16: 11 | F16: Em có xu hướng sáng tạo, thích phát triển ý tưởng và thể hiện bản thân qua hình ảnh hoặc nội dung. Em quan tâm đến cảm xúc của người khác, biết lắng nghe và sẵn sàng hỗ trợ khi làm việc nhóm. Em khá chủ động trong trao đổi, có khả năng khởi xướng ý tưởng và thuyết phục người khác. Mã tham khảo: ASE. Đây là mô tả tham khảo từ kết quả trắc nghiệm RIASEC của website AXIS, không phải kết luận tâm lý. | G16: ASE | H16: Thỉnh thoảng tự học Python để làm mấy việc nhỏ trên máy tính. | I16: Tin học; Địa lý | J16: Môi trường và công nghệ ứng dụng. | K16: Em quan tâm môi trường và tự học vài việc nhỏ trên máy tính; ngành học vẫn còn để ngỏ. | L16: Synthetic
A17: 16 | B17: HS11-004 | C17: 11 | E17: Olympic Bậc THPT — Toán — Giải khuyến khích — Lớp 11 | F17: Chưa có dữ liệu tính cách/RIASEC. | H17: Chưa có sở thích cụ thể. | I17: Chưa xác định | J17: Chưa xác định. | K17: Chưa có kế hoạch nghề rõ; trước mắt có thể so sánh một vài nhóm ngành. | L17: Synthetic
A18: 17 | B18: HS11-005 | C18: 11 | F18: Chưa có dữ liệu tính cách/RIASEC. | I18: Chưa xác định | K18: Chưa xác định; nên tiếp tục khám phá môn học và hoạt động trước khi chọn. | L18: Synthetic
A19: 18 | B19: HS11-006 | C19: 11 | D19: IELTS / Tiếng Anh / 6 / 2024-12-26 | F19: Em khá chủ động trong trao đổi, có khả năng khởi xướng ý tưởng và thuyết phục người khác. Em thích sắp xếp công việc rõ ràng, chú ý chi tiết và làm theo kế hoạch. Em quan tâm đến cảm xúc của người khác, biết lắng nghe và sẵn sàng hỗ trợ khi làm việc nhóm. Mã tham khảo: ECS. Đây là mô tả tham khảo từ kết quả trắc nghiệm RIASEC của website AXIS, không phải kết luận tâm lý. | G19: ECS | H19: Thích môn Sinh. | I19: Địa lý; Hóa học | J19: Sinh học, sức khỏe hoặc giáo dục. | K19: Em thích Sinh học; có thể tìm hiểu thêm khoa học sức khỏe hoặc giáo dục. | L19: Synthetic
A20: 19 | B20: HS11-007 | C20: 11 | F20: Em quan tâm đến cảm xúc của người khác, biết lắng nghe và sẵn sàng hỗ trợ khi làm việc nhóm. Em tò mò, thích tìm hiểu nguyên nhân và phân tích cách mọi thứ vận hành. Em có xu hướng sáng tạo, thích phát triển ý tưởng và thể hiện bản thân qua hình ảnh hoặc nội dung. Mã tham khảo: SIA. Đây là mô tả tham khảo từ kết quả trắc nghiệm RIASEC của website AXIS, không phải kết luận tâm lý. | G20: SIA | H20: Máy tính và game chiến thuật. | I20: Tin học | J20: Công nghệ; đang thành hình. | K20: Em quan tâm máy tính và game chiến thuật; công nghệ là một hướng để tìm hiểu, chưa phải lựa chọn chắc chắn. | L20: Synthetic
A21: 20 | B21: HS11-008 | C21: 11 | F21: Chưa có dữ liệu tính cách/RIASEC. | H21: Mê các câu đố logic, gặp bài khó thì muốn tìm cách giải cho ra. | I21: Toán | J21: Khoa học, logic hoặc dữ liệu. | K21: Em thích câu đố logic và kiên trì tìm lời giải; có thể khám phá khoa học hoặc dữ liệu. | L21: Synthetic
A22: 21 | B22: HS11-009 | C22: 11 | F22: Em khá chủ động trong trao đổi, có khả năng khởi xướng ý tưởng và thuyết phục người khác. Em thích sắp xếp công việc rõ ràng, chú ý chi tiết và làm theo kế hoạch. Em quan tâm đến cảm xúc của người khác, biết lắng nghe và sẵn sàng hỗ trợ khi làm việc nhóm. Mã tham khảo: ECS. Đây là mô tả tham khảo từ kết quả trắc nghiệm RIASEC của website AXIS, không phải kết luận tâm lý. | G22: ECS | I22: Tiếng Anh; Toán | J22: Công việc hướng đến con người. | K22: Em quan tâm công việc với con người; kết quả học tập hiện cho thấy thế mạnh phân hóa giữa các môn. | L22: Synthetic
A23: 22 | B23: HS11-010 | C23: 11 | D23: IELTS / Tiếng Anh / 5.5 / 2025-08-20 | F23: Chưa có dữ liệu tính cách/RIASEC. | H23: Máy tính và game chiến thuật. | I23: Lịch sử | J23: Công nghệ/trò chơi; có thể cân nhắc kinh doanh số. | K23: Em thích máy tính và trò chơi chiến thuật; có thể tìm hiểu công nghệ hoặc kinh doanh số. | L23: Synthetic
A24: 23 | B24: HS10-001 | C24: 10 | F24: Chưa có dữ liệu tính cách/RIASEC. | H24: Thích môn Sinh. | I24: Sinh học | J24: Sinh học và khoa học sự sống. | K24: Em thích Sinh học; có thể khám phá ngành sức khỏe hoặc khoa học sự sống. | L24: Synthetic
A25: 24 | B25: HS10-002 | C25: 10 | F25: Em quan tâm đến cảm xúc của người khác, biết lắng nghe và sẵn sàng hỗ trợ khi làm việc nhóm. Em có xu hướng sáng tạo, thích phát triển ý tưởng và thể hiện bản thân qua hình ảnh hoặc nội dung. Em tò mò, thích tìm hiểu nguyên nhân và phân tích cách mọi thứ vận hành. Mã tham khảo: SAI. Đây là mô tả tham khảo từ kết quả trắc nghiệm RIASEC của website AXIS, không phải kết luận tâm lý. | G25: SAI | H25: Vẽ linh tinh lúc rảnh. | I25: Ngữ văn | J25: Thiết kế, minh họa hoặc truyền thông. | K25: Em hay vẽ lúc rảnh; có thể tìm hiểu thiết kế, minh họa hoặc truyền thông hình ảnh. | L25: Synthetic
A26: 25 | B26: HS10-003 | C26: 10 | F26: Chưa có dữ liệu tính cách/RIASEC. | I26: Chưa xác định | K26: Chưa có định hướng rõ; hiện nên thử nhiều môn và hoạt động khác nhau. | L26: Synthetic
A27: 26 | B27: HS10-004 | C27: 10 | F27: Chưa có dữ liệu tính cách/RIASEC. | H27: Chưa có sở thích cụ thể. | I27: Tiếng Anh; Địa lý | J27: Đang so sánh khoa học và xã hội. | K27: Em chưa lập kế hoạch cụ thể; có thể so sánh nhóm khoa học với nhóm xã hội. | L27: Synthetic
A28: 27 | B28: HS10-005 | C28: 10 | F28: Em có xu hướng sáng tạo, thích phát triển ý tưởng và thể hiện bản thân qua hình ảnh hoặc nội dung. Em quan tâm đến cảm xúc của người khác, biết lắng nghe và sẵn sàng hỗ trợ khi làm việc nhóm. Em khá chủ động trong trao đổi, có khả năng khởi xướng ý tưởng và thuyết phục người khác. Mã tham khảo: ASE. Đây là mô tả tham khảo từ kết quả trắc nghiệm RIASEC của website AXIS, không phải kết luận tâm lý. | G28: ASE | I28: Ngữ văn; Toán | J28: Khám phá mở, chưa chốt. | K28: Em đang tìm hiểu nhiều ngành có đầu ra rõ, chưa chọn một lĩnh vực. | L28: Synthetic
A29: 28 | B29: HS10-006 | C29: 10 | F29: Em quan tâm đến cảm xúc của người khác, biết lắng nghe và sẵn sàng hỗ trợ khi làm việc nhóm. Em tò mò, thích tìm hiểu nguyên nhân và phân tích cách mọi thứ vận hành. Em có xu hướng sáng tạo, thích phát triển ý tưởng và thể hiện bản thân qua hình ảnh hoặc nội dung. Mã tham khảo: SIA. Đây là mô tả tham khảo từ kết quả trắc nghiệm RIASEC của website AXIS, không phải kết luận tâm lý. | G29: SIA | H29: Chưa có sở thích nổi bật. | I29: Ngữ văn | J29: Giáo dục/công tác cộng đồng. | K29: Em quan tâm công việc có tương tác với mọi người; có thể tìm hiểu giáo dục hoặc cộng đồng. | L29: Synthetic
A30: 29 | B30: HS10-007 | C30: 10 | F30: Em quan tâm đến cảm xúc của người khác, biết lắng nghe và sẵn sàng hỗ trợ khi làm việc nhóm. Em tò mò, thích tìm hiểu nguyên nhân và phân tích cách mọi thứ vận hành. Em có xu hướng sáng tạo, thích phát triển ý tưởng và thể hiện bản thân qua hình ảnh hoặc nội dung. Mã tham khảo: SIA. Đây là mô tả tham khảo từ kết quả trắc nghiệm RIASEC của website AXIS, không phải kết luận tâm lý. | G30: SIA | I30: Giáo dục kinh tế và pháp luật | J30: Các lĩnh vực có làm việc nhóm. | K30: Em có thể hợp với các hướng làm việc nhóm hoặc xã hội; chưa cần chọn ngay. | L30: Synthetic
A31: 30 | B31: HS10-008 | C31: 10 | F31: Em có xu hướng sáng tạo, thích phát triển ý tưởng và thể hiện bản thân qua hình ảnh hoặc nội dung. Em quan tâm đến cảm xúc của người khác, biết lắng nghe và sẵn sàng hỗ trợ khi làm việc nhóm. Em khá chủ động trong trao đổi, có khả năng khởi xướng ý tưởng và thuyết phục người khác. Mã tham khảo: ASE. Đây là mô tả tham khảo từ kết quả trắc nghiệm RIASEC của website AXIS, không phải kết luận tâm lý. | G31: ASE | I31: Tiếng Anh; Toán | J31: Sáng tạo, kinh doanh hoặc công nghệ. | K31: Em còn muốn tìm hiểu thêm; có thể thử các lĩnh vực sáng tạo, kinh doanh hoặc công nghệ. | L31: Synthetic
